"created_at","text","is_retweet","favorite_count","retweet_count","Hour","Day","Date"
2020-08-13 23:26:50,".@DonYoungAK really produces for Alaska. He is an incredible Congressman who loves his State and works tirelessly for it. Strong on Public Lands, Energy, and our Second Amendment. He will never let you down, and has my Complete and Total Endorsement! https://t.co/cUR3zuUfs6",FALSE,18714,5305,23,5,2020-08-13
2020-08-13 23:23:26,"...She will be a great Senator, and has my Complete and Total Endorsement! https://t.co/7yHPhxqQVS",FALSE,14946,3490,23,5,2020-08-13
2020-08-13 23:23:25,".@CynthiaMLummis is a friend of mine and a great woman. She is running for Senate in the very Special State of Wyoming. Cynthia is Strongly for our Military, our Vets, and protection of the Second Amendment...",FALSE,32586,8584,23,5,2020-08-13
2020-08-13 21:27:36,"LIVE: President @realDonaldTrump holds a news conference https://t.co/uWAINTBssk",TRUE,0,5917,21,5,2020-08-13
2020-08-13 18:59:29,"https://t.co/ymvtIzQqoR",FALSE,20131,5303,18,5,2020-08-13
2020-08-13 18:59:28,"https://t.co/BY6PrMRmqJ",FALSE,22491,5979,18,5,2020-08-13
2020-08-13 18:59:26,"https://t.co/mx45DgJgG4",FALSE,23984,6427,18,5,2020-08-13
2020-08-13 18:59:25,"https://t.co/7i9aIfFIJp",FALSE,15649,4769,18,5,2020-08-13
2020-08-13 18:59:23,"https://t.co/YuZ88w0gIF",FALSE,17516,5403,18,5,2020-08-13
2020-08-13 18:59:21,"https://t.co/eDLyAEyeW6",FALSE,44202,12623,18,5,2020-08-13
2020-08-13 18:22:05,"https://t.co/GjE7vZd3SA https://t.co/1Bcbpr1D9d",FALSE,47126,14496,18,5,2020-08-13
2020-08-13 15:50:08,"The world will be laughing and taking full advantage of the United States if Joe Biden ever became President. Our Country would COLLAPSE! https://t.co/lxcyxYL9YC",FALSE,73802,23617,15,5,2020-08-13
2020-08-13 15:47:31,"Great National Champions, thank you Coach O! https://t.co/XD2t79CUyq",FALSE,47865,10203,15,5,2020-08-13
2020-08-13 14:50:42,"HUGE breakthrough today! Historic Peace Agreement between our two GREAT friends, Israel and the United Arab Emirates!",FALSE,264335,60239,14,5,2020-08-13
2020-08-13 14:50:10,"Joint Statement of the United States, the State of Israel, and the United Arab Emirates https://t.co/oVyjLxf0jd",FALSE,91809,30624,14,5,2020-08-13
2020-08-13 14:35:27,"https://t.co/0wz3UZgIuj",FALSE,55613,17799,14,5,2020-08-13
2020-08-13 14:34:44,"President @realDonaldTrump: It's amazing the way Sleepy Joe buys into the Radical Left https://t.co/yw3awb8aUF",TRUE,0,6701,14,5,2020-08-13
2020-08-13 14:34:35,"President @realDonaldTrump on Joe Biden and Kamala Harris wanting to raise taxes on Americans by $4 TRILLION https://t.co/4GivxINsbu",TRUE,0,7936,14,5,2020-08-13
2020-08-13 13:56:53,"Drug companies, which are being forced by me to substantially reduce Drug Prices, are taking $millions in ads saying I want to increase Medicare Primiums. Wrong, just the opposite! These ads show DRUG PRICES ARE GOING DOWN, and they are not happy! False advertising!",FALSE,131759,36708,13,5,2020-08-13
2020-08-13 11:17:17,"The Fake News Media is giving @KamalaHarris a free pass despite her Radical Left failures and very poor run in the Democrat Primary. There was nobody meaner or more condescending to Slow Joe, not even me, and yet she quickly evaporated down to almost zero in the polls. Bad!",FALSE,106017,26704,11,5,2020-08-13
2020-08-13 10:44:43,"Very poor morning TV ratings for MSDNC‚Äôs Morning Joe, headed by a complete Psycho named Joe Scarborough and his ditzy airhead wife, Mika, and also @CNN, headed by complete unknowns. Congratulations to @foxandfriends on dominating the mornings (thank you President Trump!).",FALSE,106438,22924,10,5,2020-08-13
2020-08-13 10:43:13,"I will be interviewed by @MariaBartiromo on @FoxBusiness this morning at 7:30. A.M. Enjoy!",FALSE,61624,10604,10,5,2020-08-13
2020-08-13 02:05:08,"https://t.co/jXoffXyZed",TRUE,0,80602,2,5,2020-08-13
2020-08-13 02:01:04,"https://t.co/IlYgFXtpPq",TRUE,0,74160,2,5,2020-08-13
2020-08-13 02:00:24,"96% Approval Rating in the Republican Party. Thank you! Also, leading in most swing states!",TRUE,0,40016,2,5,2020-08-13
2020-08-13 01:35:45,"https://t.co/36b2xC1GZf",FALSE,322220,88540,1,5,2020-08-13
2020-08-12 21:57:11,"LIVE: President @realDonaldTrump holds a news conference https://t.co/2wqYwLWg5H",TRUE,0,8124,21,4,2020-08-12
2020-08-12 19:06:49,"LIVE: President @realDonaldTrump delivers remarks on getting students back to school https://t.co/yKWXYgVYY9",TRUE,0,9021,19,4,2020-08-12
2020-08-12 18:45:53,"I am sending $15M from @USDOT to beautiful North Dakota! This federal funding will support bus service for people from Bismarck to Grand Forks and several other areas statewide. Congratulations!",FALSE,77670,15391,18,4,2020-08-12
2020-08-12 18:45:27,"Congrats to Colorado who will be receiving $14.9M in federal infrastructure funds from @USDOT. Happy to support bus service for residents throughout this great state!",FALSE,57916,12185,18,4,2020-08-12
2020-08-12 18:44:24,"Honored to send $25.9 MILLION in @USDOT funds to the great State of Texas to support bus infrastructure improvements. Congratulations to the MANY Texans who will benefit!",FALSE,61319,13135,18,4,2020-08-12
2020-08-12 18:44:08,"Big news for Wisconsin! @USDOT is awarding $7.7M in federal infrastructure funds to support bus service for the people of Madison and Milwaukee County!",FALSE,46131,10184,18,4,2020-08-12
2020-08-12 18:44:01,"Good news for Florida! I‚Äôm awarding $27.8M from @USDOT in federal infrastructure funds to five areas including Orlando, Jacksonville, Ft. Myers/Naples, St. Petersburg, and Tampa. Happy to support bus service for the people in beautiful Florida!",FALSE,41320,9483,18,4,2020-08-12
2020-08-12 18:43:52,"Georgia will be receiving $13M in federal infrastructure funds from @USDOT. BIG investment in bus facilities for people in metro Atlanta ‚Äì must keep people moving safely! @MARTASERVICE",FALSE,35229,7862,18,4,2020-08-12
2020-08-12 18:43:45,"Big improvements in rural bus service will be on their way to Michigan! I am awarding $27.8M in federal funding through @USDOT to improve bus service statewide. SO important for transit in this great state!",FALSE,37776,8370,18,4,2020-08-12
2020-08-12 18:43:35,"Sending $8.3M in @USDOT funding to North Carolina for bus and bus facility improvements in Asheville, Fayetteville, and Chapel Hill. Glad to support bus service in these areas!",FALSE,44068,9505,18,4,2020-08-12
2020-08-12 18:43:29,"New Hampshire will receive nearly $822K in @USDOT funds for bus service in the city of Nashua. Happy to support @RideBigBlue and keep the people of Nashua moving!",FALSE,32645,7158,18,4,2020-08-12
2020-08-12 18:43:24,"Congrats to Pennsylvania for receiving $11.5M in federal infrastructure funds from @USDOT. Huge investments in Hazleton and Erie County to improve transit service and bring an economic boost to these areas!",FALSE,39501,8919,18,4,2020-08-12
2020-08-12 18:43:17,"BIG bucks heading to Illinois! $18.9M in federal infrastructure funds from @USDOT will be awarded to @ConnectTransit, @CityLinkPeoria, and @PaceSuburbanBus for improvements to bus service in the areas. Congratulations!",FALSE,30601,6697,18,4,2020-08-12
2020-08-12 18:43:05,"$13.9M is heading to New Orleans in @USDOT funding for @NewOrleansRTA! Happy to support bus service and major fleet improvements for the great people of Louisiana and help them keep moving safely.",FALSE,31231,6810,18,4,2020-08-12
2020-08-12 18:42:56,"I‚Äôm awarding $14.7M in @USDOT funding to New Jersey to support bus infrastructure in @passaic_county. Helping make sure people can move quickly and safely!",FALSE,31781,6888,18,4,2020-08-12
2020-08-12 18:42:46,"Happy to send $18 MILLION in @USDOT funding to Utah to support their transit infrastructure and improve bus service. Huge and badly needed investment in the Cache Valley Region!",FALSE,36932,7924,18,4,2020-08-12
2020-08-12 18:42:36,"Bus investments are in the works for the people of Nebraska! I‚Äôm sending $13.6M from @USDOT in federal infrastructure funds for improvements to bus service in Omaha. Great news!",FALSE,36134,7564,18,4,2020-08-12
2020-08-12 18:42:27,"Happy to announce that @USDOT is providing $12.5M in federal infrastructure funds for bus improvements for the great people of Alabama. @huntsvillecity",FALSE,33239,6931,18,4,2020-08-12
2020-08-12 18:41:30,"Big news, Oklahoma! I‚Äôm proud to support infrastructure in your state with $13.7 million from @USDOT for bus improvements across the state. SO important for helping people get where they need to go safely.",FALSE,47106,10131,18,4,2020-08-12
2020-08-12 16:34:28,"Congratulations to Andrew Clyde on a big win last night against a strong opponent in #GA09! An early supporter of ours, Andrew will be an incredible Congressman for the people of Georgia!",FALSE,77654,15646,16,4,2020-08-12
2020-08-12 12:29:29,"Congratulations to future Republican Star Marjorie Taylor Greene on a big Congressional primary win in Georgia against a very tough and smart opponent. Marjorie is strong on everything and never gives up - a real WINNER!",FALSE,89282,18621,12,4,2020-08-12
2020-08-12 12:11:05,"Watched @billmaher last week for the first time in a long time. He‚Äôs totally SHOT, looks terrible, exhausted, gaunt, and weak. If there was ever a good reason for no shutdown, check out this jerk. He never had much going for him, but whatever he did have is missing in action!",FALSE,63226,13918,12,4,2020-08-12
2020-08-12 11:59:42,"The ‚Äúsuburban housewife‚Äù will be voting for me. They want safety &amp; are thrilled that I ended the long running program where low income housing would invade their neighborhood. Biden would reinstall it, in a bigger form, with Corey Booker in charge! @foxandfriends @MariaBartiromo",FALSE,121848,28008,11,4,2020-08-12
2020-08-12 11:44:41,"96% Approval Rating in the Republican Party. Thank you! Also, leading in most swing states!",FALSE,248734,40016,11,4,2020-08-12
2020-08-12 11:33:14,".@KamalaHarris started strong in the Democrat Primaries, and finished weak, ultimately fleeing the race with almost zero support. That‚Äôs the kind of opponent everyone dreams of!",FALSE,159164,32218,11,4,2020-08-12
2020-08-12 02:06:28,"https://t.co/IlYgFXtpPq",FALSE,191247,74160,2,4,2020-08-12
2020-08-11 23:56:13,"Sad to see the damage from the derecho in Midwest. 112 mile per hour winds in Midway, Iowa! The Federal government is in close coordination with State officials. We are with you all the way - Stay safe and strong!",FALSE,118996,21480,23,3,2020-08-11
2020-08-11 23:55:02,"Thank you to Sheriff Gonzales of Bernalillo County, New Mexico, for joining my call with our Nation‚Äôs sheriffs. Appreciate your partnership to help make your county safe ‚Äì great comments on Operation Legend! https://t.co/M41wLOg5ZA",FALSE,60301,15708,23,3,2020-08-11
2020-08-11 22:31:59,"Will be interviewed tonight on @seanhannity at 9:00 P.M. @FoxNews",FALSE,86778,15867,22,3,2020-08-11
2020-08-11 21:38:11,"LIVE: President @realDonaldTrump holds a news conference https://t.co/8zuQqdheWk",TRUE,0,8060,21,3,2020-08-11
2020-08-11 20:39:33,"https://t.co/jXoffXyZed",FALSE,220834,80602,20,3,2020-08-11
2020-08-11 12:34:14,"Big Stock Market Numbers!",FALSE,209844,31367,12,3,2020-08-11
2020-08-11 12:33:47,"More Testing, which is a good thing (we have the most in the world), equals more Cases, which is Fake News Gold. They use Cases to demean the incredible job being done by the great men &amp; women of the U.S. fighting the China Plague!",FALSE,122244,25510,12,3,2020-08-11
2020-08-11 11:45:06,"..so called American Intelligence were Dirty Cops who have now proven to be sleazebags at the highest level like James Comey, proven liar James Clapper, &amp; perhaps the lowest of them all, Wacko John Brennan who headed the CIA, you could perhaps understand my reluctance to embrace!",FALSE,104248,23760,11,3,2020-08-11
2020-08-11 11:45:06,"John Bolton, one of the dumbest people I‚Äôve met in government and sadly, I‚Äôve met plenty, states often that I respected, and even trusted, Vladimir Putin of Russia more than those in our Intelligence Agencies. While of course that is not true, if the first people you met from....",FALSE,112500,25519,11,3,2020-08-11
2020-08-11 11:06:14,"....went on at the White House during some extremely interesting and important times. So many good stories by someone who, unlike most other so called writers, was actually there, and a part of the action - of which there was plenty. Go buy this book, a job well done!",FALSE,55271,11415,11,3,2020-08-11
2020-08-11 11:06:14,"Great new book by former Director of Oval Office Operations, Madeleine Westerhout, entitled ‚ÄúOff the Record‚Äù. When I look at all of the Fake Books and garbage written about me, it‚Äôs really nice to see a very smart and already wise young woman write an honest depiction of what....",FALSE,80768,17893,11,3,2020-08-11
2020-08-10 23:20:41,"https://t.co/0Qex1aSLCf",FALSE,125940,28673,23,2,2020-08-10
2020-08-10 22:05:26,"LIVE: President @realDonaldTrump holds a news conference https://t.co/q1rxBdvHGv",TRUE,0,9746,22,2,2020-08-10
2020-08-10 21:48:39,"LIVE: President @realDonaldTrump holds a news conference https://t.co/Vbc9lndRoK",TRUE,0,6619,21,2,2020-08-10
2020-08-10 19:38:17,"White House News Conference today at 5:30 P.M. Enjoy!",FALSE,104770,17633,19,2,2020-08-10
2020-08-10 18:13:19,"Play College Football!",FALSE,328504,57559,18,2,2020-08-10
2020-08-10 18:12:07,"We have narrowed the Presidential Nomination Acceptance Speech, to be delivered on the final night of the Convention (Thursday), to two locations - The Great Battlefield of Gettysburg, Pennsylvania, and the White House, Washington, D.C. We will announce the decision soon!",TRUE,0,26118,18,2,2020-08-10
2020-08-10 18:11:39,"Portland, which is out of control, should finally, after almost 3 months, bring in the National Guard. The Mayor and Governor are putting people‚Äôs lives at risk. They will be held responsible. The Guard is ready to act immediately. The Courthouse is secured by Homeland!",TRUE,0,30011,18,2,2020-08-10
2020-08-10 18:11:06,"So now Schumer and Pelosi want to meet to make a deal. Amazing how it all works, isn‚Äôt it. Where have they been for the last 4 weeks when they were ‚Äúhardliners‚Äù, and only wanted BAILOUT MONEY for Democrat run states and cities that are failing badly? They know my phone number!",TRUE,0,54618,18,2,2020-08-10
2020-08-10 18:10:59,"RINO Ben Sasse, who needed my support and endorsement in order to get the Republican nomination for Senate from the GREAT State of Nebraska, has, now that he‚Äôs got it (Thank you President T), gone rogue, again. This foolishness plays right into the hands of the Radical Left Dems!",TRUE,0,22628,18,2,2020-08-10
2020-08-10 17:49:00,"...Jason worked with me to save Minneapolis along with your great National Guard after your local political leaders failed to do so. Jason has my Complete and Total Endorsement! #MNSEN https://t.co/PeTUxOGipN",FALSE,23405,5947,17,2,2020-08-10
2020-08-10 17:49:00,"Jason Lewis (@LewisForMN) will be an incredible Senator for the State of Minnesota! He is a proven leader who will help us Lower your Taxes, Protect our Communities and Defend your Second Amendment‚Ä¶",FALSE,45939,11398,17,2,2020-08-10
2020-08-10 17:46:59,"My friend, Congressman @TomEmmer, is doing a tremendous job for the people of Minnesota! He strongly supports our brave Law Enforcement &amp; National Guard, fights for our Vets and works hard to Cut your Taxes! Tom has my Complete and Total Endorsement! #MN06 https://t.co/fPIsaonBXO",FALSE,25864,6867,17,2,2020-08-10
2020-08-10 17:46:28,"Congressman @PeteStauber fights for the hard-working people of Northeastern Minnesota! A former professional hockey player, Pete knows how to win. He stands for Law Enforcement, Small Business and our Vets. Pete has my Complete and Total Endorsement! #MN08 https://t.co/hu99hpOvbZ",FALSE,25631,6988,17,2,2020-08-10
2020-08-10 17:45:45,"Congressman Jim Hagedorn (@JimHagedornMN) is an incredible advocate for Minnesota! He fights for our Farmers, Vets and Small Businesses, and he strongly defends your Second Amendment! Jim has my Complete and Total Endorsement! #MN01 https://t.co/MeuHHh8KFc",FALSE,23963,6340,17,2,2020-08-10
2020-08-10 17:45:19,"Congratulations on your big primary win, Governor @MikeParson! You have my Complete and Total Endorsement! #MOGOV https://t.co/2Ve5jix3hS",FALSE,29161,7040,17,2,2020-08-10
2020-08-10 17:44:57,"Vote for Michelle ‚Äì a real winner! #MN07 https://t.co/gViVuUwIRj",FALSE,33230,8698,17,2,2020-08-10
2020-08-10 17:38:26,"CONGRATS to General Dynamic‚Äôs Bath Iron Works &amp; Local S6 on reaching a tentative agreement after the long strike. GD builds GREAT Arleigh-Burke destroyers. Super boost for Maine Economy. Glad to have helped. I‚Äôve done a lot for Maine! https://t.co/6bXwvtje5P",FALSE,34224,8366,17,2,2020-08-10
2020-08-10 17:20:44,"The student-athletes have been working too hard for their season to be cancelled. #WeWantToPlay https://t.co/lI3CCKZ4ID",FALSE,139528,34616,17,2,2020-08-10
2020-08-10 17:15:55,"We have narrowed the Presidential Nomination Acceptance Speech, to be delivered on the final night of the Convention (Thursday), to two locations - The Great Battlefield of Gettysburg, Pennsylvania, and the White House, Washington, D.C. We will announce the decision soon!",FALSE,118959,26118,17,2,2020-08-10
2020-08-10 15:00:04,"Thank you to Senator Bill Cassidy of Louisiana for his very smart words on the just signed Executive Orders!",FALSE,77878,15499,15,2,2020-08-10
2020-08-10 14:55:55,"Portland, which is out of control, should finally, after almost 3 months, bring in the National Guard. The Mayor and Governor are putting people‚Äôs lives at risk. They will be held responsible. The Guard is ready to act immediately. The Courthouse is secured by Homeland!",FALSE,115929,30011,14,2,2020-08-10
2020-08-10 14:39:28,"RINO Ben Sasse, who needed my support and endorsement in order to get the Republican nomination for Senate from the GREAT State of Nebraska, has, now that he‚Äôs got it (Thank you President T), gone rogue, again. This foolishness plays right into the hands of the Radical Left Dems!",FALSE,82378,22628,14,2,2020-08-10
2020-08-10 13:10:34,"So now Schumer and Pelosi want to meet to make a deal. Amazing how it all works, isn‚Äôt it. Where have they been for the last 4 weeks when they were ‚Äúhardliners‚Äù, and only wanted BAILOUT MONEY for Democrat run states and cities that are failing badly? They know my phone number!",FALSE,231532,54618,13,2,2020-08-10
2020-08-10 01:45:34,".@Scaramucci, who just made a fool of himself as he got taken apart by @SteveHiltonx, only lasted 11 days in his favorite of all time Administration, before being fired for, again, making a fool of himself. Anthony is a loser who begged to come back. I said ‚ÄúNo Thanks‚Äù.",FALSE,111154,24918,1,2,2020-08-10
2020-08-10 01:07:26,"This is Fake News by the failing @nytimes &amp; bad ratings @CNN. Never suggested it although, based on all of the many things accomplished during the first 3 1/2 years, perhaps more than any other Presidency, sounds like a good idea to me! https://t.co/EHrA9yUsAw",FALSE,120786,30491,1,2,2020-08-10
2020-08-10 01:07:17,"https://t.co/FPSif7Ieff",FALSE,209409,39584,1,2,2020-08-10
2020-08-09 23:24:24,"See you in less than 1 hour on Fox (8 PM eastern), when I sit down with AG Barr for the entire show!¬† Please don‚Äôt miss it! https://t.co/GT7sh9iH33",TRUE,0,10532,23,1,2020-08-09
2020-08-09 23:22:50,"TONIGHT AT 8 PM EASTERN, AG BILL BARR IS MY GUEST FOR THE FULL HOUR ON LIFE, LIBRTY &amp; LEVIN ON FOX!¬† IF YOU CAN'T WATCH LIVE, YOU CAN RECORD IT ON YOUR DVR!¬† AG BARR IS FABULOUS, DON'T MISS IT!¬† SEE YOU THEN! https://t.co/GXhDF4mr2x",TRUE,0,11038,23,1,2020-08-09
2020-08-09 02:26:15,"ADDENDUM:

This is 100% correct.

CHIEF JUSTICE ROBERTS HIMSELF OPENED UP THE DOOR FOR THIS WITH THAT DACA RULING JUST LAST MONTH.

Remember, TRUMP HIMSELF warned that this gives the President TOO MUCH POWER, if EO's **can't** be reversed by successors.

https://t.co/3E8ZQPYg5Q",TRUE,0,11452,2,1,2020-08-09
2020-08-09 02:24:25,"Just think of it as DACA for Americans needing relief from unemployment and payroll taxes.",TRUE,0,11987,2,1,2020-08-09
2020-08-09 02:21:58,"Why is the DACA executive order a valid thing per SCOTUS but not this?",TRUE,0,8531,2,1,2020-08-09
2020-08-09 02:21:32,"1. President Trump had no choice but to issue the Executive Orders this afternoon, and given that Obama instituted DACA without legislation and John Roberts seemed okay with that, the president's DOJ will have strong grounds on which to defend them.",TRUE,0,22868,2,1,2020-08-09
2020-08-09 01:50:13,"Sleepy Joe Biden just agreed with the Radical Left Democrats to raise Taxes by Three Trillion Dollars. Everyone will pay - Will kill your Stocks, 401k‚Äôs, and the ECONOMY. BIG CRASH!  #MAGA",TRUE,0,45308,1,1,2020-08-09
2020-08-08 23:19:29,"https://t.co/16JTBhdrl9",FALSE,127299,32268,23,7,2020-08-08
2020-08-08 21:54:07,"The President's fourth directive today extends relief to student loan borrowers through the end of the year. https://t.co/sfZNOs0WlT",TRUE,0,12470,21,7,2020-08-08
2020-08-08 21:54:04,"Today's third executive order provides for the continuation of expanded unemployment benefits. https://t.co/SvMquVZzDM",TRUE,0,11676,21,7,2020-08-08
2020-08-08 21:54:00,"President @realDonaldTrump's second executive order today protects Americans from eviction. https://t.co/v0v0XEtrwN",TRUE,0,12069,21,7,2020-08-08
2020-08-08 21:53:55,"President @realDonaldTrump's first executive order today provides a payroll tax holiday to Americans earning less than $100,000 per year. https://t.co/0VQGowNmx2",TRUE,0,16930,21,7,2020-08-08
2020-08-08 20:22:28,"LIVE: President @realDonaldTrump holds a news conference https://t.co/B7SnQcWVQt",TRUE,0,11939,20,7,2020-08-08
2020-08-08 20:05:54,"Major News Conference in Ten Minutes!",FALSE,166777,22167,20,7,2020-08-08
2020-08-08 19:28:59,"Sleepy Joe Biden just agreed with the Radical Left Democrats to raise Taxes by Three Trillion Dollars. Everyone will pay - Will kill your Stocks, 401k‚Äôs, and the ECONOMY. BIG CRASH!  #MAGA",FALSE,165314,45308,19,7,2020-08-08
2020-08-08 00:33:20,"As a result of President @realDonaldTrump's tough actions on the Tennessee Valley Authority, the @TVAnews is now changing course on firing American workers https://t.co/cujfe56EpP",TRUE,0,12443,0,7,2020-08-08
2020-08-08 00:33:08,"President @realDonaldTrump in New Jersey: We sent millions of medical supplies to New Jersey, provided $3.4 billion in emergency relief funding, and $23 billion to 250,000 Jersey small businesses through the Paycheck Protection Program https://t.co/IBEULj8BHb",TRUE,0,9300,0,7,2020-08-08
2020-08-08 00:32:02,"Left-wing violent extremism is a serious threat to American lives and American freedom.

President @realDonaldTrump on the violence in Portland: https://t.co/oMouVwv9un",TRUE,0,12660,0,7,2020-08-08
2020-08-08 00:32:00,"President @realDonaldTrump has spoken with President Aoun of Lebanon.

3 large aircraft are on the way with medical supplies, food, water, and emergency equipment to help. https://t.co/haYxQKbAdz",TRUE,0,9481,0,7,2020-08-08
2020-08-08 00:31:55,"President @realDonaldTrump gives an update on payroll tax, enhanced unemployment benefits, student loan payments, and the eviction moratorium: https://t.co/5tOLVioJBw",TRUE,0,10970,0,7,2020-08-08
2020-08-08 00:31:50,"""We added 1.8 million new jobs in July‚Äîexceeding predictions for the third month in a row."" https://t.co/7XfyI4PhEc",TRUE,0,7737,0,7,2020-08-08
2020-08-07 23:35:33,"LIVE: President @realDonaldTrump holds a news conference https://t.co/IkaqkcJtpR",TRUE,0,8987,23,6,2020-08-07
2020-08-07 22:58:31,"Big wins in Tennessee and Kansas! Congratulations to @BillHagertyTN and @RogerMarshallMD. They love our Country and they love their Great States. Strong on Crime, Military, our Vets and the Second Amendment. They have my Complete and Total Endorsement!",FALSE,71791,16476,22,6,2020-08-07
2020-08-07 22:32:51,"I will be doing a news conference on the ChinaVirus, the just announced very good economic numbers, and the improving economy, at 7pm from Bedminster, New Jersey. Also, the subject of the Beirut, Lebanon catastrophe will be discussed.",FALSE,125481,25185,22,6,2020-08-07
2020-08-07 22:31:12,"...We will be having a conference call on Sunday with President Macron, leaders of Lebanon, and leaders from various other parts of the world. Everyone wants to help!",FALSE,56065,10105,22,6,2020-08-07
2020-08-07 22:31:12,"...At 3pm this afternoon, spoke to President Aoun of Lebanon to inform him that 3 large aircraft are on the way, loaded up with Medical Supplies, Food and Water. Also, First Responders, Technicians, Doctors, and Nurses on the way...",FALSE,69868,12947,22,6,2020-08-07
2020-08-07 22:31:11,"Had a lengthy discussion this morning with President Macron of France concerning numerous subjects, but in particular the catastrophic event which took place in Beirut, Lebanon...",FALSE,83284,15566,22,6,2020-08-07
2020-08-07 21:03:57,"Pelosi and Schumer only interested in Bailout Money for poorly run Democrat cities and states. Nothing to do with China Virus! Want one trillion dollars. No interest. We are going a different way!",FALSE,172437,42400,21,6,2020-08-07
2020-08-07 14:55:17,"https://t.co/GCdlGJpOxc",FALSE,136390,30335,14,6,2020-08-07
2020-08-07 14:49:00,"https://t.co/3Oe3SUds5k",FALSE,50815,13573,14,6,2020-08-07
2020-08-07 13:48:00,"Great Jobs Numbers!",FALSE,211082,32281,13,6,2020-08-07
2020-08-07 13:06:23,"After yesterday‚Äôs statement, Sleepy Joe Biden is no longer worthy of the Black Vote!",FALSE,208347,40615,13,6,2020-08-07
2020-08-07 13:03:05,"NEW: Biden draws distinction between diversity within Black and Latino communities, telling @NPR‚Äôs @lourdesgnavarro that ‚Äúunlike the African-American community, with notable exceptions, the Latino community is an incredibly diverse community with incredibly different attitudes.."" https://t.co/ZbWmVZTFFL",TRUE,0,9051,13,6,2020-08-07
2020-08-07 12:51:59,"This is the biggest political crime and scandal in American history. Hopefully, for the good of our Country, it is coming soon! https://t.co/sgblnB0EgL",FALSE,75735,25202,12,6,2020-08-07
2020-08-07 12:49:15,"Thank you! https://t.co/OS9T8cjDy0",FALSE,54896,13672,12,6,2020-08-07
2020-08-07 12:48:42,"Thank you! https://t.co/uEytELtQQj",FALSE,61451,14601,12,6,2020-08-07
2020-08-07 12:48:10,"@realDonaldTrump Yes! Please add to the things to do. Drain the swamp and prevent it from coming back. Set ""Term limits"" to our politicians. 
Also, establish a National standard election process that will protect and preserve the integrity of our elections.",TRUE,0,7799,12,6,2020-08-07
2020-08-07 12:47:33,"On this World Day Against Trafficking, I‚Äôm humbled to announce that we are deepening our commitment in the fight against Human Trafficking. Visit https://t.co/1Jm8QXdfoh for more on how the @tebowfoundation is going deeper into this fight. Will you join us? #EndHumanTrafficking https://t.co/pgrIuBhHJM",TRUE,0,16999,12,6,2020-08-07
2020-08-07 12:46:50,"The letter adds: ‚Äúpotentially allowing China to track the locations of Federal employees and contractors, build dossiers of personal information for blackmail, and conduct corporate espionage.‚Äù #TikTok #POTUS",TRUE,0,5887,12,6,2020-08-07
2020-08-07 12:46:11,"In letter to Congress President Donald Trump calls TikTok a threat to national security because the data the app collects. The letter says: ‚ÄúThis data collection threatens to allow the Chinese Communist Party access to Americans' personal and proprietary information...‚Äù #TikTok",TRUE,0,6721,12,6,2020-08-07
2020-08-07 12:44:35,"President Donald Trump on Thursday ordered an unspecified ban on ""transactions"" with the Chinese owners of the consumer apps TikTok and WeChat. https://t.co/7ThlpKPgSr",TRUE,0,4490,12,6,2020-08-07
2020-08-07 12:41:26,"BREAKING: Trump signs executive order forcing the divestment of TikTok by it‚Äôs owner, ByteDance.

Any company still doing business with TikTok in 45 days is subject to sanctions, Trump said https://t.co/pgycgEAm0l",TRUE,0,6608,12,6,2020-08-07
2020-08-07 12:36:13,"""Joe Biden this morning, he totally disparaged and insulted the black community. What he said is incredible...it was a very insulting statement he made.""

@realDonaldTrump responds to @JoeBiden saying Latinos have 'incredibly different' attitudes, unlike black Americans. https://t.co/EOoyatyq0b",TRUE,0,7106,12,6,2020-08-07
2020-08-07 12:35:33,"RACE COMMENT BACKLASH: @marykbruce reports on the backlash Joe Biden is facing after appearing to suggest most African Americans are uniform in their views, with Pres. Trump seizing on the comment and the Biden campaign responding. https://t.co/00yjwFpCtP https://t.co/cCXBRFsHHN",TRUE,0,5456,12,6,2020-08-07
2020-08-07 12:30:03,"I called the politicization of the China Virus by the Radical Left Democrats a Hoax, not the China Virus itself. Everybody knows this except for the Fake and very Corrupt Media!",FALSE,152403,37363,12,6,2020-08-07
2020-08-07 00:41:55,"https://t.co/8XG18cSqTr https://t.co/KHWhXoJG7L",FALSE,70375,22209,0,6,2020-08-07
2020-08-06 21:59:57,"WE will WIN Ohio even bigger than we did in 2016 ‚Äî MAGA is stronger than ever before! https://t.co/2JB9rCzRue",FALSE,183395,45515,21,5,2020-08-06
2020-08-06 21:39:55,"Chicago had a 139% increase in murders in July

2020 --&gt; 105

2019 --&gt; 44

Barack Obama, Joe Biden, and every single NBA player are silent.

They don't care about black lives. They care about capitalizing on black lives!",TRUE,0,26215,21,5,2020-08-06
2020-08-06 21:39:38,"My name is Angela Stanton King. 

I‚Äôm a proud Black woman who supports @realDonaldTrump. 

I‚Äôm done with the Democrat Party lying to my community. 

I‚Äôm running for Congress to end the lies once and for all. 

RT and follow to join my campaign of truth! üá∫üá∏",TRUE,0,40517,21,5,2020-08-06
2020-08-06 21:38:03,"‚ÄúJoe Biden‚Äôs polices put China first, and America last.‚Äù -@realDonaldTrump",TRUE,0,14294,21,5,2020-08-06
2020-08-06 21:37:10,"I've updated my Twitter username to stand in solidarity with my Black American friends, who first had their blackness snatched by Joe Biden, before he proceeded to tell them they are all monolithic lemmings. 

#NotableException ‚úäüèæ",TRUE,0,12282,21,5,2020-08-06
2020-08-06 21:36:37,"Fake News CNN is at it again, carrying water for Joe Biden!  
https://t.co/JaHv6P3jbx",TRUE,0,9654,21,5,2020-08-06
2020-08-06 21:36:37,"Joe Biden‚Äôs comfort with ‚Äú African Americans ‚Äú votes is insulting. I‚Äôm black and I won‚Äôt be casting my vote for Jim Crow Joe @JoeBiden. I‚Äôm pro-America https://t.co/feu4xLCVc0",TRUE,0,13429,21,5,2020-08-06
2020-08-06 21:15:33,"President @realDonaldTrump: ‚ÄúI didn‚Äôt back down from my promises, and I‚Äôve kept every single one‚Äù https://t.co/t49go2qstj",TRUE,0,14916,21,5,2020-08-06
2020-08-06 20:56:17,"For too many years, Washington stood idly by as other countries drove American workers out of their jobs.

Not under President @realDonaldTrump! https://t.co/h68f6WY9xk",TRUE,0,9757,20,5,2020-08-06
2020-08-06 20:55:47,"President @realDonaldTrump is laying out a vision to bring thousands more factories and millions more jobs back to American soil! üá∫üá∏ https://t.co/3dUxpl1xjV",TRUE,0,11270,20,5,2020-08-06
2020-08-06 19:31:57,"LIVE: President @realDonaldTrump delivers remarks at Whirlpool Corporation manufacturing plant https://t.co/2vC0EyoqoK",TRUE,0,8644,19,5,2020-08-06
2020-08-06 18:37:19,"https://t.co/1T8pBF82x2",FALSE,48168,13293,18,5,2020-08-06
2020-08-06 18:07:34,"Just like Radical Left New York is trying to destroy the NRA, if Biden becomes President your GREAT SECOND AMENDMENT doesn‚Äôt have a chance. Your guns will be taken away, immediately and without notice. No police, no guns!",FALSE,153453,43454,18,5,2020-08-06
2020-08-06 17:14:59,".@JudicialWatch uncovered the Clinton Foundation/State Department pay to play scandal. I testified to Congress about it. The documents are on line if the DOJ or the NY AG would like to review them. https://t.co/c2ZLGOtAp2",TRUE,0,14075,17,5,2020-08-06
2020-08-06 17:12:59,"Imagine going after the NRA but refusing to touch the Clinton Foundation.",TRUE,0,28313,17,5,2020-08-06
2020-08-06 17:11:08,"Joe Biden: ‚ÄòUnlike the African American Community ... the Latino Community Is an Incredibly Diverse Community‚Äò https://t.co/mceJwwG7aV via @BreitbartNews. Wow! Joe Biden just lost the entire African American community. What a ‚Äúdumb‚Äù thing to say!",FALSE,76973,26694,17,5,2020-08-06
2020-08-06 16:51:40,"Just departed for the Great State of Ohio! https://t.co/vAg0tdRFP8",FALSE,69262,11815,16,5,2020-08-06
2020-08-06 16:48:38,"President @realDonaldTrump: ‚ÄúJoe Biden, this morning, totally disparaged and insulted the Black community‚Äù by saying Latinos have diversity of thought, unlike Black Americans https://t.co/Db4D90xbWi",TRUE,0,12807,16,5,2020-08-06
2020-08-06 15:56:39,"Upon departing the Oval Office for Ohio, I‚Äôve notified my staff to continue working on an Executive Order with respect to Payroll Tax Cut, Eviction Protections, Unemployment Extensions, and Student Loan Repayment Options.",FALSE,145725,34289,15,5,2020-08-06
2020-08-06 15:25:26,"DRAIN THE SWAMP! https://t.co/68M4sN7LLD",TRUE,0,120094,15,5,2020-08-06
2020-08-06 11:44:48,"How can voters be sending in Ballots starting, in some cases, one month before the First Presidential Debate. Move the First Debate up. A debate, to me, is a Public Service. Joe Biden and I owe it to the American People!",FALSE,210700,48661,11,5,2020-08-06
2020-08-06 04:44:12,"This time, the Left wants to blow up the election -- they have set up the system to break by sending tens of millions of ballots and ballot applications into the mails. I don't who will actually win, but I fear the ""vote"" won't matter to the Left... https://t.co/LpsSkSRwPd",TRUE,0,10909,4,5,2020-08-06
2020-08-06 04:42:31,"Department of Justice admits they violated protocol in their investigation into Michael Flynn. https://t.co/tlJsgNKZMn",TRUE,0,17454,4,5,2020-08-06
2020-08-06 04:39:41,"The Yates hearing on Capitol Hill was another disaster for the police-state Democrats. It reinforced two critical things about them:
1) They worship abuses of power and political spying &amp; have no intentions of giving either up
2) They genuinely despise this country &amp; our rules.",TRUE,0,14448,4,5,2020-08-06
2020-08-06 04:38:49,"Yates clearly going for an insanity defense https://t.co/1XgBlWZAfn",TRUE,0,9154,4,5,2020-08-06
2020-08-06 04:35:48,"How has President Trump not gone completely off the rails &amp; ballistic by now? Everyone in Washington is against the man. Every waking hour he is taking flak &amp; enemy fire, from all sides. Yet he hangs in there. Maintains composure. Trump must have nerves of steel. How's he do it?",TRUE,0,19481,4,5,2020-08-06
2020-08-06 04:30:29,"BREAKING: Sally Yates testified Comey went ""rogue"" regarding his persecution of Flynn",TRUE,0,13261,4,5,2020-08-06
2020-08-06 04:25:00,"Two wonderful people! https://t.co/Fo2CLjc9YZ",FALSE,112069,23025,4,5,2020-08-06
2020-08-06 04:21:18,"If Democrats will not make a deal, President @realDonaldTrump will pursue executive action in order to extend economic relief for the American people. https://t.co/K8qhdvelzb",TRUE,0,12910,4,5,2020-08-06
2020-08-06 04:19:44,"It's clear that @JoeBiden's Democrat Party is the Party of shuttered churches and broken communities. 

@realDonaldTrump will ALWAYS defend the FREE EXERCISE of faith.

If casinos are allowed to open at 50% capacity, churches can too.

RT if you agree!!!

https://t.co/P1tuVyzSyA",TRUE,0,16424,4,5,2020-08-06
2020-08-06 04:19:29,"Where four previous Presidents made promises to the American people about our most cherished ally, it was President @realDonaldTrump who kept his promise when he moved the American Embassy to Jerusalem! #PromisesMadePromisesKept https://t.co/t713nXueio",TRUE,0,8613,4,5,2020-08-06
2020-08-06 04:06:36,"Sally Yates is either lying or grossly incompetent. It is not possible she could have known so little about Dirty Cop James Comey (and others) from her high position in the Department of ‚ÄúJustice‚Äù. The political Crime of the Century, and she had no idea what they were doing?",FALSE,109204,29214,4,5,2020-08-06
2020-08-06 03:51:13,"A very big CONGRATULATIONS to the great @seanhannity on having the Number One Book on the Planet, ‚ÄúLive Free Or Die‚Äù. The book is fantastic, and so true. Keep Sean Number One!",FALSE,98280,19677,3,5,2020-08-06
2020-08-06 00:18:55,"‚ÄúCities across the Nation that are run by Democrats are in shambles.‚Äù Matt Walsh  @TuckerCarlson",FALSE,136655,30715,0,5,2020-08-06
2020-08-05 22:51:51,".@BillHagertyTN, an outstanding man and one of the best Ambassadors ever (Japan), is running an excellent campaign for the Senate. He loves Tennessee and loves our Country. We need him badly in Washington. He has my Complete and Total Endorsement!
https://t.co/VGeHlzYfwy",TRUE,0,13662,22,4,2020-08-05
2020-08-05 22:49:22,"Congressman Scott DesJarlais (@tndesjarlais) has been a tremendous advocate for Tennessee! One of my earliest supporters, he fights for our Military, Vets, Law Enforcement and the Second Amendment! Scott has my Complete and Total Endorsement! #TN04 https://t.co/ffydSSVnGL",FALSE,35448,9730,22,4,2020-08-05
2020-08-05 21:47:52,"LIVE: President @realDonaldTrump holds a news conference https://t.co/OESn53MyzQ",TRUE,0,7405,21,4,2020-08-05
2020-08-05 21:03:32,"DRAIN THE SWAMP! https://t.co/68M4sN7LLD",FALSE,289826,120094,21,4,2020-08-05
2020-08-05 18:10:59,"BIG NEWS! The Political Crime of the Century is unfolding. ObamaBiden illegally spied on the Trump Campaign, both before and after the election. Treason! https://t.co/6XF1pIWMNO",FALSE,104932,39067,18,4,2020-08-05
2020-08-05 18:09:59,"Every time you see a negative Big Pharma commercial against me remember, it means your drug prices are coming way down!",FALSE,187472,41384,18,4,2020-08-05
2020-08-05 17:20:55,"https://t.co/wxCTuk4GdP",FALSE,40870,10973,17,4,2020-08-05
2020-08-05 17:20:29,"https://t.co/tdqKej2tJ2",FALSE,34869,9797,17,4,2020-08-05
2020-08-05 17:20:01,"https://t.co/NX5zpbib3E",FALSE,30018,8554,17,4,2020-08-05
2020-08-05 14:15:54,"Sally Yates has zero credibility. She was a part of the greatest political crime of the Century, and ObamaBiden knew EVERYTHING! Sally Yates leaked the General Flynn conversation? Ask her under oath. Republicans should start playing the Democrats game!",FALSE,117978,34778,14,4,2020-08-05
2020-08-05 14:05:50,".@CNN has no sources on the Task Force. Their ‚Äúsources‚Äù are made up, pure fiction! Jim Acosta is a Fake reporter!",FALSE,135395,32363,14,4,2020-08-05
2020-08-05 11:08:39,"Nevada has ZERO infrastructure for Mail-In Voting. It will be a corrupt disaster if not ended by the Courts. It will take months, or years, to figure out. Florida has built a great infrastructure, over years, with two great Republican Governors. Florida, send in your Ballots!",FALSE,83352,21338,11,4,2020-08-05
2020-08-05 10:43:40,"I will be interviewed on @foxandfriends at 7:30 A.M. Enjoy!",TRUE,0,11248,10,4,2020-08-05
2020-08-05 10:35:09,"https://t.co/JDS4zUXXJG",TRUE,0,59637,10,4,2020-08-05
2020-08-05 10:30:52,"MAKE AMERICA GREAT AGAIN!",FALSE,426881,63231,10,4,2020-08-05
2020-08-05 10:28:56,"Starship takes flight https://t.co/IWvwcA05hl",TRUE,0,49598,10,4,2020-08-05
2020-08-05 10:27:44,"I will be interviewed on @foxandfriends at 7:30 A.M. Enjoy!",FALSE,74585,11248,10,4,2020-08-05
2020-08-05 10:23:54,"NASA was Closed &amp; Dead until I got it going again. Now it is the most vibrant place of its kind on the Planet...And we have Space Force to go along with it. We have accomplished more than any Administration in first 3 1/2 years. Sorry, but it all doesn‚Äôt happen with Sleepy Joe! https://t.co/PRebGIEJaq",FALSE,59657,14599,10,4,2020-08-05
2020-08-05 10:17:02,"‚ÄúWe are going to go to the moon, we are going to have a base on the moon, we are going to send people to mars and make life multi-planetary. This day heralds a new age of space exploration‚Äù ‚Äî @elonmusk https://t.co/rdTj0td18V",TRUE,0,28351,10,4,2020-08-05
2020-08-05 10:14:17,"For those that thought I wasn‚Äôt into the Environment, this is the biggest bill ever passed, by far. I wonder if this will silence the Fake News? Probably not! https://t.co/hJnesKXTcL",FALSE,76892,19899,10,4,2020-08-05
2020-08-05 10:09:00,"A great race run by Roger against a very tough and smart opponent. Roger loves Kansas and will represent it incredibly well. He has my Complete and Total Endorsement. Will be a Big Win on November 3rd. This is not the opponent the Democrats wanted! https://t.co/eSG6utLq5H",FALSE,36164,9094,10,4,2020-08-05
2020-08-05 09:57:17,"There is TREMENDOUS Lawlessness in America‚Äôs Liberal Cities. Would be so easy to stop but they have a clouded vision of what should be done. They are indoctrinated with a philosophy which will never work, a philosophy which would destroy America. Portland would be the norm!",FALSE,106282,27765,9,4,2020-08-05
2020-08-04 23:38:31,"https://t.co/JDS4zUXXJG",FALSE,260172,59637,23,3,2020-08-04
2020-08-04 23:01:14,"Great meeting today with the CoronaVirus Task Force in the Oval Office. Stay informed at: https://t.co/p9j7kZsD7b. https://t.co/nnnUHCzOLV",FALSE,57702,12488,23,3,2020-08-04
2020-08-04 23:00:44,"Record Setting Enthusiasm: President @realDonaldTrump says he thinks he has more support than ever. #AmericaFirst #MAGA #Dobbs https://t.co/QloGttHXGy",TRUE,0,9090,23,3,2020-08-04
2020-08-04 23:00:40,"Reopening Our Schools: @realDonaldTrump says schools will begin to open rapidly and safely despite some Dem leaders trying to keep them closed. #AmericaFirst #MAGA #Dobbs https://t.co/jIsScbPSoC",TRUE,0,7205,23,3,2020-08-04
2020-08-04 23:00:38,"Reopening America: President @realDonaldTrump says ‚Äòwe‚Äôre not shutting down‚Äô our country and economy again. #MAGA #AmericaFirst #Dobbs https://t.co/ZQrGGYnHlT",TRUE,0,7603,23,3,2020-08-04
2020-08-04 23:00:15,"We have far and away the most robust testing capacity in the world. https://t.co/bSJMkhD3uH",TRUE,0,5717,23,3,2020-08-04
2020-08-04 22:48:35,"""As we shelter those at high risk, we are also pouring every resource at our disposal into the development of therapies and vaccines.

Two vaccines candidates are currently in the final stage of clinical trials,"" with several more entering Phase 3 in the coming weeks. https://t.co/cgdfuqVvtR",TRUE,0,5414,22,3,2020-08-04
2020-08-04 22:46:07,"""Thanks to our major advances in treatment, we've seen vast improvements in recovery rates across all age groups . . .

The best path forward is an aggressive strategy focused on protecting Americans at highest risk."" https://t.co/zQDvULilwp",TRUE,0,5626,22,3,2020-08-04
